{"cameraMode":{"drawMode":0,"name":"Shaded","section":"Shading Mode"},"sceneLighting":false,"audioPlay":false,"sceneViewState":{"m_AlwaysRefresh":false,"showFog":true,"showSkybox":false,"showFlares":true,"showImageEffects":true,"showParticleSystems":true,"showVisualEffectGraphs":true,"m_FxEnabled":true},"in2DMode":false,"pivot":{"x":230.10940551757813,"y":3.2021470069885256,"z":7.473947525024414},"rotation":{"x":0.11910700798034668,"y":-0.7163916826248169,"z":0.12774866819381715,"w":0.6759265661239624},"size":0.8660253882408142,"orthographic":false}