{"cameraMode":{"drawMode":0,"name":"Shaded","section":"Shading Mode"},"sceneLighting":true,"audioPlay":false,"sceneViewState":{"m_AlwaysRefresh":false,"showFog":true,"showSkybox":true,"showFlares":true,"showImageEffects":true,"showParticleSystems":true,"showVisualEffectGraphs":true,"m_FxEnabled":true},"in2DMode":false,"pivot":{"x":177.58326721191407,"y":-7.4955596923828129,"z":23.188682556152345},"rotation":{"x":0.06104057654738426,"y":-0.9257767200469971,"z":0.3320716917514801,"w":0.17018432915210725},"size":31.56856918334961,"orthographic":false}