{"cameraMode":{"drawMode":0,"name":"Shaded","section":"Shading Mode"},"sceneLighting":true,"audioPlay":false,"sceneViewState":{"m_AlwaysRefresh":false,"showFog":true,"showSkybox":true,"showFlares":true,"showImageEffects":true,"showParticleSystems":true,"showVisualEffectGraphs":true,"m_FxEnabled":true},"in2DMode":false,"pivot":{"x":200.30117797851563,"y":18.758121490478517,"z":-15.975375175476075},"rotation":{"x":0.2919090986251831,"y":0.40659037232398989,"z":-0.1376507431268692,"w":0.8550888299942017},"size":3.488656759262085,"orthographic":false}