{"cameraMode":{"drawMode":0,"name":"Shaded","section":"Shading Mode"},"sceneLighting":false,"audioPlay":false,"sceneViewState":{"m_AlwaysRefresh":false,"showFog":true,"showSkybox":false,"showFlares":true,"showImageEffects":true,"showParticleSystems":true,"showVisualEffectGraphs":true,"m_FxEnabled":true},"in2DMode":false,"pivot":{"x":4.619794845581055,"y":7.4781718254089359,"z":-6.523434162139893},"rotation":{"x":0.35403335094451907,"y":-0.24920061230659486,"z":0.09962768852710724,"w":0.8962355256080627},"size":1.4157136678695679,"orthographic":false}