{"cameraMode":{"drawMode":0,"name":"Shaded","section":"Shading Mode"},"sceneLighting":false,"audioPlay":false,"sceneViewState":{"m_AlwaysRefresh":false,"showFog":false,"showSkybox":false,"showFlares":false,"showImageEffects":false,"showParticleSystems":false,"showVisualEffectGraphs":true,"m_FxEnabled":true},"in2DMode":false,"pivot":{"x":0.31106168031692507,"y":1.9602293968200684,"z":0.27551841735839846},"rotation":{"x":0.08821731805801392,"y":0.8636308908462524,"z":-0.15923303365707398,"w":0.47071728110313418},"size":3.545961380004883,"orthographic":false}